{
  "$schema": "https://developer.microsoft.com/json-schemas/spfx-build/package-solution.schema.json",
  "solution": {
    "name": "aimleap-v-1-client-side-solution",
    "id": "14cae4b8-85c5-4a47-acee-8e3cfc4b3953",
    "version": "1.0.0.0",
    "includeClientSideAssets": true,
    "skipFeatureDeployment": true,
    "isDomainIsolated": false,
    "developer": {
      "name": "",
      "websiteUrl": "",
      "privacyUrl": "",
      "termsOfUseUrl": "",
      "mpnId": "Undefined-1.18.2"
    },
    "metadata": {
      "shortDescription": {
        "default": "AIMLEAP_v1 description"
      },
      "longDescription": {
        "default": "AIMLEAP_v1 description"
      },
      "screenshotPaths": [],
      "videoUrl": "",
      "categories": []
    },
    "features": [
      {
        "title": "aimleap-v-1 Feature",
        "description": "The feature that activates elements of the aimleap-v-1 solution.",
        "id": "158d48c6-02a9-4034-9782-8ab6fcaa0f5b",
        "version": "1.0.0.0"
      }
    ]
  },
  "paths": {
    "zippedPackage": "solution/aimleap-v-1.sppkg"
  }
}
