{
  "@microsoft/generator-sharepoint": {
    "plusBeta": false,
    "isCreatingSolution": true,
    "nodeVersion": "18.17.1",
    "sdksVersions": {
      "@microsoft/microsoft-graph-client": "3.0.2",
      "@microsoft/teams-js": "2.12.0"
    },
    "version": "1.18.2",
    "libraryName": "aimleap-v-1",
    "libraryId": "14cae4b8-85c5-4a47-acee-8e3cfc4b3953",
    "environment": "spo",
    "packageManager": "npm",
    "solutionName": "AIMLEAP_v1",
    "solutionShortDescription": "AIMLEAP_v1 description",
    "skipFeatureDeployment": true,
    "isDomainIsolated": false,
    "componentType": "webpart"
  }
}
