{
  "id": "971cbf58-c154-4dbe-98a5-d7a61c63766a",
  "alias": "AimleapV1WebPart",
  "componentType": "WebPart",
  "version": "0.0.1",
  "manifestVersion": 2,
  "requiresCustomScript": false,
  "supportedHosts": [
    "SharePointWebPart",
    "TeamsPersonalApp",
    "TeamsTab",
    "SharePointFullPage"
  ],
  "supportsThemeVariants": true,
  "preconfiguredEntries": [
    {
      "groupId": "5c03119e-3074-46fd-976b-c60198311f70",
      "group": {
        "default": "Advanced"
      },
      "title": {
        "default": "AIMLEAP_v1"
      },
      "description": {
        "default": "AIMLEAP_v1 description"
      },
      "officeFabricIconFontName": "Page",
      "properties": {
        "description": "AIMLEAP_v1",
        "listname": "Sample_List",
        "sharepointurl": "https://pasa365.sharepoint.com/sites/PASACompanyApps-DEV/",
        "noofitems": 500
      }
    }
  ],
  "loaderConfig": {
    "internalModuleBaseUrls": [
      "<!-- PATH TO CDN -->"
    ],
    "entryModuleId": "aimleap-v-1-web-part",
    "scriptResources": {
      "aimleap-v-1-web-part": {
        "type": "path",
        "path": "aimleap-v-1-web-part_0d1c239104a35052d418.js"
      },
      "@microsoft/sp-property-pane": {
        "type": "component",
        "id": "f9e737b7-f0df-4597-ba8c-3060f82380db",
        "version": "1.18.2"
      },
      "@microsoft/sp-core-library": {
        "type": "component",
        "id": "7263c7d0-1d6a-45ec-8d85-d4d1d234171b",
        "version": "1.18.2"
      },
      "@microsoft/sp-webpart-base": {
        "type": "component",
        "id": "974a7777-0990-4136-8fa6-95d80114c2e0",
        "version": "1.18.2"
      },
      "AimleapV1WebPartStrings": {
        "type": "path",
        "path": "AimleapV1WebPartStrings_en-us_3bd812ceda191f7235a1db0c41d7c3a7.js"
      },
      "react": {
        "type": "component",
        "id": "0d910c1c-13b9-4e1c-9aa4-b008c5e42d7d",
        "version": "17.0.1"
      },
      "react-dom": {
        "type": "component",
        "id": "aa0a46ec-1505-43cd-a44a-93f3a5aa460a",
        "version": "17.0.1"
      }
    }
  }
}